Name,Price,Rating,Benefits,Location
Cozrum Homes - Sonata Residence,"₫453,197",7.6,"['Bữa sáng', 'Phòng tập miễn phí', '+4']",TPHCM
Victory Hotel Saigon,"₫764,878",7.7,"['Bữa sáng', 'Bãi đậu xe', 'Nhận phòng nhanh', '+1']",TPHCM
Happy Life Grand Hotel & Sky Bar,"₫1,090,245",8.4,"['Bữa sáng', 'Phòng tập miễn phí', '+4']",TPHCM
Cityhouse - Ariosa,"₫ 1,068,847",8.9,"['Bữa sáng', 'Nước uống chào đón', 'Trả phòng muộn', '+3']",TPHCM
Cochin Zen Hotel,"₫915,091",8.6,"['Bữa sáng', 'Nhận phòng nhanh', 'Wifi miễn phí']",TPHCM
Akoya Saigon Central Hotel,"₫943,423",8.9,"['Bữa sáng', 'Phòng tập miễn phí', '+4']",TPHCM
Khach san Muong Thanh Luxury Saigon Hotel,"₫1,690,148",8.6,"['Bữa sáng', 'Phòng tập miễn phí', '+5']",TPHCM
Nesta Hotel Saigon,"₫ 1,412,382",8.3,"['Bữa sáng', 'Nước uống chào đón', 'Nhận phòng nhanh', '+1']",TPHCM
Ramana Saigon Hotel,"₫1,023,154",8,"['Bữa sáng', 'Wifi miễn phí']",TPHCM
Golden Star Hotel - 60 Le Thanh Ton,"₫604,529",7.1,"['Nước uống chào đón', 'Bãi đậu xe', 'Nhận phòng nhanh', '+1']",TPHCM
Bong Sen Hotel Saigon,"₫860,488",7.8,"['Bữa sáng', 'Wifi miễn phí']",TPHCM
Valentine Luxury hotel - 31 Bui Vien Street,"₫176,365",7.8,"['Bữa sáng', 'Vegetarian Bữa sáng', '+3']",TPHCM
Yoko Airport Saigon Hotel,"₫435,358",7.9,"['Bữa sáng', 'Wifi miễn phí']",TPHCM
Liberty Hotel Saigon Parkview,"₫1,295,503",7.8,"['Bữa sáng', 'Nước uống chào đón', 'Bãi đậu xe', '+3']",TPHCM
ROSA ZEN Hotel Spa,"₫483,667",8.3,"['Bãi đậu xe', 'Nhận phòng nhanh', 'Wifi miễn phí', '+1']",TPHCM
Riverside Hotel Saigon,"₫760,685",7.7,"['Bữa sáng', 'Nhận phòng nhanh', 'Wifi miễn phí']",TPHCM
22Land Hotel Saigon,"₫1,487,419",9.2,"['Bữa sáng', 'Bãi đậu xe', 'Wifi miễn phí']",TPHCM
Saigon Hotel,"₫1,410,625",8.4,"['Bữa sáng', 'Wifi miễn phí', 'Phòng tập miễn phí']",TPHCM
M Village Lý Tự Trọng,"₫1,031,372",9,"['Nhận phòng nhanh', 'Wifi miễn phí']",TPHCM
Sky Gem Central Hotel,"₫1,141,000",8.3,"['Bữa sáng', 'Nhận phòng nhanh', 'Wifi miễn phí']",TPHCM
"Vinpearl Landmark 81, Autograph Collection","₫4,600,000",9,"['Bữa sáng', 'Afternoon tea', 'Bãi đậu xe', '+7']",TPHCM
BOBHOTEL - BÙI VIỆN,"₫233,081",5.7,"['Nước uống chào đón', 'Wifi miễn phí']",TPHCM
ZAZZ URBAN HO CHI MINH HOTEL,"₫ 1,354,289",8.6,"['Bữa sáng', 'Phòng tập miễn phí', '+4']",TPHCM
Liberty Central Saigon Riverside Hotel,"₫1,843,743",8.6,"['Bữa sáng', 'Phòng tập miễn phí', '+5']",TPHCM
Eden Star Saigon Hotel,"₫1,536,882",8.4,"['Bữa sáng', 'Free mini bar', 'Vào hồ bơi miễn phí', '+4']",TPHCM
The Myst Dong Khoi,"₫2,626,741",8.9,"['Bữa sáng', 'Wifi miễn phí']",TPHCM
Dong Kinh Hotel,"₫314,253",8.2,"['Nước uống chào đón', 'Nhận phòng nhanh', 'Wifi miễn phí']",TPHCM
The Concept Hotel HCMC- District 1,"₫956,667",8.7,"['Bãi đậu xe', 'Nhận phòng nhanh', 'Wifi miễn phí', '+1']",TPHCM
Erato Boutique Hotel,"₫395,547",7.5,"['Bữa sáng', 'Phòng tập miễn phí', '+4']",TPHCM
Grandma Lu Saigon Hawaii - Pham Ngu Lao Street,"₫102,867",8.1,"['Bữa sáng', 'Phòng tập miễn phí', '+3']",TPHCM
Silverland Sil Hotel,"₫1,057,099",8.2,"['Nhận phòng nhanh', 'Wifi miễn phí']",TPHCM
Fusion Suites Saigon,"₫1,990,727",8.9,"['Nhận phòng nhanh', 'Wifi miễn phí']",TPHCM
CityHouse - City Oasis,"₫891,915",8.2,"['Bãi đậu xe', 'Wifi miễn phí']",TPHCM
VyDa Backpacker Hostel,"₫ 104,861",8.7,"['Bãi đậu xe', 'Wifi miễn phí', 'Nhận phòng sớm']",TPHCM
Cozrum Lux Hotel,"₫580,346",7.8,"['Phòng tập miễn phí', 'Nước uống chào đón', '+1']",TPHCM
The One Premium Hotel,"₫440,519",6.9,"['Nhận phòng nhanh', 'Wifi miễn phí']",TPHCM
Minh Tam Hotel & Spa 3/2,"₫761,905",8,"['Bữa sáng', 'Nước uống chào đón', 'Bãi đậu xe', 'Wifi miễn phí']",TPHCM
Lancaster Saigon Serviced Apartments Le Thanh Ton,"₫1,165,545",8.1,"['Bữa sáng', 'Phòng tập miễn phí', '+3']",TPHCM
Leaf Signature Hotel - La Group,"₫ 808,857",8.5,"['Bữa sáng', 'Bãi đậu xe', 'Nhận phòng nhanh', '+1']",TPHCM
Minh Tam Hotel and Spa,"₫430,222",7.6,"['Bãi đậu xe', 'Nhận phòng nhanh', 'Wifi miễn phí']",TPHCM
The Lumiere,"₫341,358",7.9,"['Bữa sáng', 'Nước uống chào đón', 'Free mini bar', '+9']",TPHCM
The Hammock Hotel Fine Arts Museum,"₫1,069,036",9.1,"['Bữa sáng', 'Bãi đậu xe', 'Nhận phòng nhanh', '+1']",TPHCM
HOTEL le JARDIN SECRET saigon,"₫ 1,409,672",8.6,"['Bữa sáng', 'Phòng tập miễn phí', '+3']",TPHCM
THANH TAI HOTEL 1,"₫311,236",8.6,['Wifi miễn phí'],TPHCM
Adora Art Hotel,"₫1,288,342",8.5,"['Bữa sáng', 'Wifi miễn phí']",TPHCM
Mecozy Apartel,"₫783,248",8.5,['Wifi miễn phí'],TPHCM
DAI NAM BOUTIQUE HOTEL,"₫1,211,900",8.3,"['Nước uống chào đón', 'Bãi đậu xe', 'Nhận phòng nhanh', '+1']",TPHCM
Cozrum Homes Ly Chinh Thang,"₫420,683",7.9,"['Bãi đậu xe', 'Nhận phòng nhanh', 'Wifi miễn phí']",TPHCM
Saigon Charm Hotel,"₫288,889",6.1,"['Bãi đậu xe', 'Nhận phòng nhanh', 'Wifi miễn phí']",TPHCM
Ngoi Sao Phuong Nam Hotel,"₫257,380",8.6,['Wifi miễn phí'],TPHCM
Planet Saigon Hotel,"₫416,109",8.7,"['Bữa sáng', 'Phòng tập miễn phí', '+3']",TPHCM
Sunflowers Hotel Airport,"₫386,255",7.4,"['Bãi đậu xe', 'Wifi miễn phí']",TPHCM
Lotte Hotel Saigon,"₫2,687,510",8.9,"['Bữa sáng', 'Phòng tập miễn phí', '+7']",TPHCM
HANZ Boutique Hotel,"₫189,037",7.3,"['Wifi miễn phí', 'Nước uống chào đón']",TPHCM
Au Lac Legend Hotel,"₫1,321,466",8.8,"['Bữa sáng', 'Phòng tập miễn phí', '+9']",TPHCM
SAZI HOTEL - BUI THI XUAN,"₫ 984,856",7.8,"['Bữa sáng', 'Wifi miễn phí', 'Bao gồm bữa tối']",TPHCM
Hilton Saigon,"₫4,100,000",9.1,['Wifi miễn phí'],TPHCM
123 Apartment in Vinhomes Central Park - Landmark 81,"₫1,055,556",8.3,"['Nhận phòng nhanh', 'Wifi miễn phí']",TPHCM
M Village Hoàng Văn Thụ,"₫690,800",9.3,"['Phòng tập miễn phí', 'Nước uống chào đón', '+3']",TPHCM
Hue My Hotel Saigon,"₫ 932,807",8.1,"['Bữa sáng', 'Phòng tập miễn phí', '+2']",TPHCM
NTA Serviced Apartments,"₫1,357,335",9,"['Bữa sáng', 'Bãi đậu xe', 'Wifi miễn phí', '+1']",TPHCM
M Hotel Saigon,"₫2,768,627",8.7,"['Bãi đậu xe', 'Nhận phòng nhanh', 'Wifi miễn phí']",TPHCM
Orchids Saigon Hotel,"₫1,687,399",8.9,"['Wifi cao cấp miễn phí', 'Nhận phòng nhanh', 'Wifi miễn phí']",TPHCM
Van Ha Hotel,"₫329,012",7.7,"['Bữa sáng', 'Nước uống chào đón', 'Bãi đậu xe', '+2']",TPHCM
Tan Hoang Long Hotel,"₫631,499",8.5,"['Nước uống chào đón', 'Bãi đậu xe', 'Khử trùng phòng', '+4']",TPHCM
A&Em Art Hotel,"₫1,352,696",7.8,"['Bữa sáng', 'Wifi miễn phí']",TPHCM
La Palma - Garden Saigon Hotel Phu My Hung,"₫648,148",9,"['Nhận phòng nhanh', 'Wifi miễn phí']",TPHCM
A&EM Corp - The Petit Hotel,"₫598,802",7.6,"['Bữa sáng', 'Phòng tập miễn phí', '+5']",TPHCM
Nu Hotel,"₫328,131",7.8,"['Bữa sáng', 'Bãi đậu xe', 'Wifi miễn phí']",TPHCM
The Bloom Pham Viet Chanh,"₫899,999",8.8,"['Bữa sáng', 'Bãi đậu xe', 'Nhận phòng nhanh', '+1']",TPHCM
SKY STAR HOTEL,"₫ 248,664",8.5,"['Bữa sáng', 'Phòng tập miễn phí', '+3']",TPHCM
Cozrum Homes - Sonata Residence,"₫453,197",7.6,"['Bữa sáng', 'Phòng tập miễn phí', '+4']",TPHCM
Victory Hotel Saigon,"₫764,878",7.7,"['Bữa sáng', 'Bãi đậu xe', 'Nhận phòng nhanh', '+1']",TPHCM
Happy Life Grand Hotel & Sky Bar,"₫1,090,245",8.4,"['Bữa sáng', 'Phòng tập miễn phí', '+4']",TPHCM
Cityhouse - Ariosa,"₫ 1,068,847",8.9,"['Bữa sáng', 'Nước uống chào đón', 'Trả phòng muộn', '+3']",TPHCM
Cochin Zen Hotel,"₫915,091",8.6,"['Bữa sáng', 'Nhận phòng nhanh', 'Wifi miễn phí']",TPHCM
Akoya Saigon Central Hotel,"₫943,423",8.9,"['Bữa sáng', 'Phòng tập miễn phí', '+4']",TPHCM
Khach san Muong Thanh Luxury Saigon Hotel,"₫1,690,148",8.6,"['Bữa sáng', 'Phòng tập miễn phí', '+5']",TPHCM
Nesta Hotel Saigon,"₫ 1,412,382",8.3,"['Bữa sáng', 'Nước uống chào đón', 'Nhận phòng nhanh', '+1']",TPHCM
Ramana Saigon Hotel,"₫1,023,154",8,"['Bữa sáng', 'Wifi miễn phí']",TPHCM
Golden Star Hotel - 60 Le Thanh Ton,"₫604,529",7.1,"['Nước uống chào đón', 'Bãi đậu xe', 'Nhận phòng nhanh', '+1']",TPHCM
Bong Sen Hotel Saigon,"₫860,488",7.8,"['Bữa sáng', 'Wifi miễn phí']",TPHCM
Valentine Luxury hotel - 31 Bui Vien Street,"₫176,365",7.8,"['Bữa sáng', 'Vegetarian Bữa sáng', '+3']",TPHCM
Yoko Airport Saigon Hotel,"₫435,358",7.9,"['Bữa sáng', 'Wifi miễn phí']",TPHCM
Liberty Hotel Saigon Parkview,"₫1,295,503",7.8,"['Bữa sáng', 'Nước uống chào đón', 'Bãi đậu xe', '+3']",TPHCM
ROSA ZEN Hotel Spa,"₫483,667",8.3,"['Bãi đậu xe', 'Nhận phòng nhanh', 'Wifi miễn phí', '+1']",TPHCM
Riverside Hotel Saigon,"₫760,685",7.7,"['Bữa sáng', 'Nhận phòng nhanh', 'Wifi miễn phí']",TPHCM
22Land Hotel Saigon,"₫1,487,419",9.2,"['Bữa sáng', 'Bãi đậu xe', 'Wifi miễn phí']",TPHCM
Saigon Hotel,"₫1,410,625",8.4,"['Bữa sáng', 'Wifi miễn phí', 'Phòng tập miễn phí']",TPHCM
M Village Lý Tự Trọng,"₫1,031,372",9,"['Nhận phòng nhanh', 'Wifi miễn phí']",TPHCM
Sky Gem Central Hotel,"₫1,141,000",8.3,"['Bữa sáng', 'Nhận phòng nhanh', 'Wifi miễn phí']",TPHCM
"Vinpearl Landmark 81, Autograph Collection","₫4,600,000",9,"['Bữa sáng', 'Afternoon tea', 'Bãi đậu xe', '+7']",TPHCM
BOBHOTEL - BÙI VIỆN,"₫233,081",5.7,"['Nước uống chào đón', 'Wifi miễn phí']",TPHCM
ZAZZ URBAN HO CHI MINH HOTEL,"₫ 1,354,289",8.6,"['Bữa sáng', 'Phòng tập miễn phí', '+4']",TPHCM
Liberty Central Saigon Riverside Hotel,"₫1,843,743",8.6,"['Bữa sáng', 'Phòng tập miễn phí', '+5']",TPHCM
Eden Star Saigon Hotel,"₫1,536,882",8.4,"['Bữa sáng', 'Free mini bar', 'Vào hồ bơi miễn phí', '+4']",TPHCM
The Myst Dong Khoi,"₫2,626,741",8.9,"['Bữa sáng', 'Wifi miễn phí']",TPHCM
Dong Kinh Hotel,"₫314,253",8.2,"['Nước uống chào đón', 'Nhận phòng nhanh', 'Wifi miễn phí']",TPHCM
The Concept Hotel HCMC- District 1,"₫956,667",8.7,"['Bãi đậu xe', 'Nhận phòng nhanh', 'Wifi miễn phí', '+1']",TPHCM
Erato Boutique Hotel,"₫395,547",7.5,"['Bữa sáng', 'Phòng tập miễn phí', '+4']",TPHCM
Grandma Lu Saigon Hawaii - Pham Ngu Lao Street,"₫102,867",8.1,"['Bữa sáng', 'Phòng tập miễn phí', '+3']",TPHCM
Silverland Sil Hotel,"₫1,057,099",8.2,"['Nhận phòng nhanh', 'Wifi miễn phí']",TPHCM
Fusion Suites Saigon,"₫1,990,727",8.9,"['Nhận phòng nhanh', 'Wifi miễn phí']",TPHCM
CityHouse - City Oasis,"₫891,915",8.2,"['Bãi đậu xe', 'Wifi miễn phí']",TPHCM
VyDa Backpacker Hostel,"₫ 104,861",8.7,"['Bãi đậu xe', 'Wifi miễn phí', 'Nhận phòng sớm']",TPHCM
Cozrum Lux Hotel,"₫580,346",7.8,"['Phòng tập miễn phí', 'Nước uống chào đón', '+1']",TPHCM
The One Premium Hotel,"₫440,519",6.9,"['Nhận phòng nhanh', 'Wifi miễn phí']",TPHCM
Minh Tam Hotel & Spa 3/2,"₫761,905",8,"['Bữa sáng', 'Nước uống chào đón', 'Bãi đậu xe', 'Wifi miễn phí']",TPHCM
Lancaster Saigon Serviced Apartments Le Thanh Ton,"₫1,165,545",8.1,"['Bữa sáng', 'Phòng tập miễn phí', '+3']",TPHCM
Leaf Signature Hotel - La Group,"₫ 808,857",8.5,"['Bữa sáng', 'Bãi đậu xe', 'Nhận phòng nhanh', '+1']",TPHCM
Minh Tam Hotel and Spa,"₫430,222",7.6,"['Bãi đậu xe', 'Nhận phòng nhanh', 'Wifi miễn phí']",TPHCM
The Lumiere,"₫341,358",7.9,"['Bữa sáng', 'Nước uống chào đón', 'Free mini bar', '+9']",TPHCM
The Hammock Hotel Fine Arts Museum,"₫1,069,036",9.1,"['Bữa sáng', 'Bãi đậu xe', 'Nhận phòng nhanh', '+1']",TPHCM
HOTEL le JARDIN SECRET saigon,"₫ 1,409,672",8.6,"['Bữa sáng', 'Phòng tập miễn phí', '+3']",TPHCM
THANH TAI HOTEL 1,"₫311,236",8.6,['Wifi miễn phí'],TPHCM
Adora Art Hotel,"₫1,288,342",8.5,"['Bữa sáng', 'Wifi miễn phí']",TPHCM
Mecozy Apartel,"₫783,248",8.5,['Wifi miễn phí'],TPHCM
DAI NAM BOUTIQUE HOTEL,"₫1,211,900",8.3,"['Nước uống chào đón', 'Bãi đậu xe', 'Nhận phòng nhanh', '+1']",TPHCM
Cozrum Homes Ly Chinh Thang,"₫420,683",7.9,"['Bãi đậu xe', 'Nhận phòng nhanh', 'Wifi miễn phí']",TPHCM
Saigon Charm Hotel,"₫288,889",6.1,"['Bãi đậu xe', 'Nhận phòng nhanh', 'Wifi miễn phí']",TPHCM
Ngoi Sao Phuong Nam Hotel,"₫257,380",8.6,['Wifi miễn phí'],TPHCM
Planet Saigon Hotel,"₫416,109",8.7,"['Bữa sáng', 'Phòng tập miễn phí', '+3']",TPHCM
Sunflowers Hotel Airport,"₫386,255",7.4,"['Bãi đậu xe', 'Wifi miễn phí']",TPHCM
Lotte Hotel Saigon,"₫2,687,510",8.9,"['Bữa sáng', 'Phòng tập miễn phí', '+7']",TPHCM
HANZ Boutique Hotel,"₫189,037",7.3,"['Wifi miễn phí', 'Nước uống chào đón']",TPHCM
Au Lac Legend Hotel,"₫1,321,466",8.8,"['Bữa sáng', 'Phòng tập miễn phí', '+9']",TPHCM
SAZI HOTEL - BUI THI XUAN,"₫ 984,856",7.8,"['Bữa sáng', 'Wifi miễn phí', 'Bao gồm bữa tối']",TPHCM
Hilton Saigon,"₫4,100,000",9.1,['Wifi miễn phí'],TPHCM
123 Apartment in Vinhomes Central Park - Landmark 81,"₫1,055,556",8.3,"['Nhận phòng nhanh', 'Wifi miễn phí']",TPHCM
M Village Hoàng Văn Thụ,"₫690,800",9.3,"['Phòng tập miễn phí', 'Nước uống chào đón', '+3']",TPHCM
Hue My Hotel Saigon,"₫ 932,807",8.1,"['Bữa sáng', 'Phòng tập miễn phí', '+2']",TPHCM
NTA Serviced Apartments,"₫1,357,335",9,"['Bữa sáng', 'Bãi đậu xe', 'Wifi miễn phí', '+1']",TPHCM
M Hotel Saigon,"₫2,768,627",8.7,"['Bãi đậu xe', 'Nhận phòng nhanh', 'Wifi miễn phí']",TPHCM
Orchids Saigon Hotel,"₫1,687,399",8.9,"['Wifi cao cấp miễn phí', 'Nhận phòng nhanh', 'Wifi miễn phí']",TPHCM
Van Ha Hotel,"₫329,012",7.7,"['Bữa sáng', 'Nước uống chào đón', 'Bãi đậu xe', '+2']",TPHCM
Tan Hoang Long Hotel,"₫631,499",8.5,"['Nước uống chào đón', 'Bãi đậu xe', 'Khử trùng phòng', '+4']",TPHCM
A&Em Art Hotel,"₫1,352,696",7.8,"['Bữa sáng', 'Wifi miễn phí']",TPHCM
La Palma - Garden Saigon Hotel Phu My Hung,"₫648,148",9,"['Nhận phòng nhanh', 'Wifi miễn phí']",TPHCM
A&EM Corp - The Petit Hotel,"₫598,802",7.6,"['Bữa sáng', 'Phòng tập miễn phí', '+5']",TPHCM
Nu Hotel,"₫328,131",7.8,"['Bữa sáng', 'Bãi đậu xe', 'Wifi miễn phí']",TPHCM
The Bloom Pham Viet Chanh,"₫899,999",8.8,"['Bữa sáng', 'Bãi đậu xe', 'Nhận phòng nhanh', '+1']",TPHCM
SKY STAR HOTEL,"₫ 248,664",8.5,"['Bữa sáng', 'Phòng tập miễn phí', '+3']",TPHCM
Cozrum Homes Yoga Corner,"₫389,655",8,['Wifi miễn phí'],TPHCM
Au Lac Charner Hotel,"₫2,246,954",8.8,"['Bữa sáng', 'Phòng tập miễn phí', '+6']",TPHCM
GIC Apartment and Hotel,"₫356,007",7,"['Bãi đậu xe', 'Wifi miễn phí']",TPHCM
The Sophia Apartment - Thao Dien Central,"₫ 725,121",9.6,"['Bãi đậu xe', 'Wifi miễn phí']",TPHCM
Cozrum Homes - Cozytel Residence,"₫321,763",8.3,"['Nhận phòng nhanh', 'Wifi miễn phí']",TPHCM
M Village Đinh Công Tráng,"₫648,000",9.3,"['Bữa sáng', 'Nước uống chào đón', 'Bãi đậu xe', '+3']",TPHCM
T78 Hotel,"₫718,760",8,"['Bike rental', 'Wifi miễn phí']",TPHCM
Bat Dat Hotel,"₫ 1,100,959",7.1,"['Quà miễn phí', 'Nhận phòng trễ', 'Wifi cao cấp miễn phí', '+3']",TPHCM
Ahu Hotel & Apartment,"₫287,675",8.4,"['Bữa sáng', 'Phòng tập miễn phí', '+4']",TPHCM
Grandma Lu Saigon Hotel Centre,"₫330,059",8.7,"['Bữa sáng', 'Phòng tập miễn phí', '+3']",TPHCM
SILA Urban Living,"₫1,671,497",8.8,"['Bữa sáng', 'Phòng tập miễn phí', '+4']",TPHCM
Somerset Ho Chi Minh City Serviced Residence,"₫3,040,000",8.6,"['Bữa sáng', 'Nước uống chào đón', 'Free mini bar', '+3']",TPHCM
A & Em Saigon Hotel,"₫1,617,861",8,"['Wifi miễn phí', 'Bãi đậu xe']",TPHCM
COCHIN SANG HOTEL,"₫1,218,950",8.8,"['Bữa sáng', 'Nước uống chào đón', 'Nhận phòng nhanh', '+2']",TPHCM
Start House DORM Walk 5 Minutes to the Airport,"₫135,000",8.7,"['Nước uống chào đón', 'Bãi đậu xe', 'Wifi miễn phí']",TPHCM
Yaya Hotel,"₫171,600",7.3,['Wifi miễn phí'],TPHCM
Maison De Camille Boutique Hotel,"₫1,045,921",8.7,"['Bãi đậu xe', 'Wifi miễn phí']",TPHCM
Cozrum Homes Yoga Corner,"₫389,655",8,['Wifi miễn phí'],TPHCM
Au Lac Charner Hotel,"₫2,246,954",8.8,"['Bữa sáng', 'Phòng tập miễn phí', '+6']",TPHCM
GIC Apartment and Hotel,"₫356,007",7,"['Bãi đậu xe', 'Wifi miễn phí']",TPHCM
The Sophia Apartment - Thao Dien Central,"₫ 725,121",9.6,"['Bãi đậu xe', 'Wifi miễn phí']",TPHCM
Cozrum Homes - Cozytel Residence,"₫321,763",8.3,"['Nhận phòng nhanh', 'Wifi miễn phí']",TPHCM
M Village Đinh Công Tráng,"₫648,000",9.3,"['Bữa sáng', 'Nước uống chào đón', 'Bãi đậu xe', '+3']",TPHCM
T78 Hotel,"₫718,760",8,"['Bike rental', 'Wifi miễn phí']",TPHCM
Bat Dat Hotel,"₫ 1,100,959",7.1,"['Quà miễn phí', 'Nhận phòng trễ', 'Wifi cao cấp miễn phí', '+3']",TPHCM
Ahu Hotel & Apartment,"₫287,675",8.4,"['Bữa sáng', 'Phòng tập miễn phí', '+4']",TPHCM
Grandma Lu Saigon Hotel Centre,"₫330,059",8.7,"['Bữa sáng', 'Phòng tập miễn phí', '+3']",TPHCM
SILA Urban Living,"₫1,671,497",8.8,"['Bữa sáng', 'Phòng tập miễn phí', '+4']",TPHCM
Somerset Ho Chi Minh City Serviced Residence,"₫3,040,000",8.6,"['Bữa sáng', 'Nước uống chào đón', 'Free mini bar', '+3']",TPHCM
A & Em Saigon Hotel,"₫1,617,861",8,"['Wifi miễn phí', 'Bãi đậu xe']",TPHCM
COCHIN SANG HOTEL,"₫1,218,950",8.8,"['Bữa sáng', 'Nước uống chào đón', 'Nhận phòng nhanh', '+2']",TPHCM
Start House DORM Walk 5 Minutes to the Airport,"₫135,000",8.7,"['Nước uống chào đón', 'Bãi đậu xe', 'Wifi miễn phí']",TPHCM
Yaya Hotel,"₫171,600",7.3,"['Bãi đậu xe', 'Nhận phòng nhanh', 'Wifi miễn phí']",TPHCM
Maison De Camille Boutique Hotel,"₫1,045,921",8.7,['Wifi miễn phí'],TPHCM
Lá Phú Nhuận Hotel Airport,"₫ 615,509",7.8,"['Nước uống chào đón', 'Bãi đậu xe', 'Wifi miễn phí']",TPHCM
YÊN LIVING BÌNH THẠNH,"₫595,449",9.1,['Bữa sáng'],TPHCM
Bonita Signature The View,"₫583,333",8.4,"['Bữa sáng', 'Bãi đậu xe', 'Nhận phòng nhanh', '+1']",TPHCM
Secret Garden Hotel,"₫393,574",8.9,['Wifi miễn phí'],TPHCM
Lucky Hotel Lien Phuong,"₫231,481",7.4,"['Bãi đậu xe', 'Wifi miễn phí']",TPHCM
Cozrum Homes - Autumn House,"₫443,627",8.5,['Wifi miễn phí'],TPHCM
Adora Hotel,"₫970,713",8.2,"['Bữa sáng', 'Nhận phòng nhanh', 'Wifi miễn phí']",TPHCM
PARKROYAL Saigon,"₫2,175,436",8.3,"['Bữa sáng', 'Phòng tập miễn phí', '+3']",TPHCM
Saigon E Central Hotel,"₫279,167",8.3,"['Bãi đậu xe', 'Nhận phòng nhanh', 'Wifi miễn phí']",TPHCM
Kim Long Hotel,"₫496,935",6,"['Bữa sáng', 'Meeting Room', 'Bãi đậu xe', '+6']",TPHCM
Paradise Cu Chi Hotel,"₫399,999",8.2,"['Bữa sáng', 'Bãi đậu xe', 'Car rental', '+2']",TPHCM
Cozrum Homes - Graceful Corner,"₫399,999",7.8,['Bữa sáng'],TPHCM
The Alley Saigon Hotel,"₫ 610,588",8,"['Bữa sáng', 'Wifi miễn phí']",TPHCM
Cozrum Homes - Kola Apartment,"₫275,926",7.8,"['Bãi đậu xe', 'Wifi miễn phí']",TPHCM
Toi's Travel Home Central,"₫882,124",8.7,"['Bãi đậu xe', 'Wifi miễn phí', 'Nhận phòng nhanh']",TPHCM
Nicecy Hotel - Bui Thi Xuan Street,"₫343,796",8.2,"['Bữa sáng', 'Phòng tập miễn phí', 'Wifi miễn phí']",TPHCM
Nguyen Thanh Hotel,"₫291,005",6.9,"['Bãi đậu xe', 'Wifi miễn phí']",TPHCM
Nhu Y Hotel,"₫1,578,568",8.1,"['Bãi đậu xe', 'Wifi miễn phí', 'Nhận phòng nhanh']",TPHCM
CHERRY BOUTIQUE HOTEL,"₫171,724",8.7,['Bãi đậu xe'],TPHCM
Little Brick Saigon Hotel,"₫335,133",8.2,['Bãi đậu xe'],TPHCM
Sen Hotel Saigon,"₫324,074",7,['Pool'],TPHCM
CoCo Guesthouse,"₫324,074",7.4,"['Bãi đậu xe', 'Wifi miễn phí']",TPHCM
CoCo Guesthouse,"₫487,500",7.4,"['Bãi đậu xe', 'Nhận phòng nhanh', 'Wifi miễn phí']",TPHCM
CAN HO VINHOMES GRAND PARK QUAN 9,"₫582,468",9.3,"['Bãi đậu xe', 'Wifi miễn phí']",TPHCM
Song Anh 1 Hotel,"₫582,310",8.9,"['Bãi đậu xe', 'Nhận phòng nhanh', 'Wifi miễn phí']",TPHCM
Renaissance Riverside Hotel Saigon,"₫4,000,000",8.5,"['Bữa sáng', 'Wifi miễn phí', 'Nước uống chào đón', '+1']",TPHCM
Lam Sơn Hotel,"₫355,064",7.7,"['Bãi đậu xe', 'Wifi miễn phí']",TPHCM
UpTown Hotel,"₫992,137",8.2,"['Bữa sáng', 'Nhận phòng nhanh', 'Wifi miễn phí']",TPHCM
An Phu Plaza Serviced Apartment,"₫ 1,634,004",8.4,"['Bãi đậu xe', 'Wifi miễn phí']",TPHCM
EROS HOTEL,"₫325,000",8.2,"['Phòng tập miễn phí', 'Nước uống chào đón', '+1']",TPHCM
Infinity Edge Pool - Saigon Rivergate,"₫759,177",9.2,"['Bữa sáng', 'Local Bữa sáng', 'Wifi miễn phí']",TPHCM
Na Nue Hotel,"₫395,259",7.9,"['Bữa sáng', 'Nhận phòng nhanh', 'Wifi miễn phí']",TPHCM
GOLDA HOTEL,"₫589,425",8.1,"['Bãi đậu xe', 'Wifi miễn phí']",TPHCM
H.A.O Boutique Hotel,"₫ 583,524",8.7,"['Bữa sáng', 'Phòng tập miễn phí', '+3']",TPHCM
Sai Gon Amigo Hotel,"₫351,658",8.4,"['Nhận phòng nhanh', 'Wifi miễn phí']",TPHCM
Somerset Chancellor Court Serviced Residence,"₫2,560,000",8.4,"['Bãi đậu xe', 'Wifi miễn phí']",TPHCM
THE JOYS HOSTEL,"₫125,611",8.6,"['Nước uống chào đón', 'Bãi đậu xe', 'Nhận phòng nhanh', '+1']",TPHCM
Ngan Ha Hotel,"₫305,556",7.5,['Wifi miễn phí'],TPHCM
La Cigale Hotel,"₫392,649",8.5,"['Bãi đậu xe', 'Wifi miễn phí']",TPHCM
Thanh Thu Hotel,"₫793,651",8.1,"['Nhận phòng nhanh', 'Wifi miễn phí']",TPHCM
Yen House,"₫324,074",7.9,"['Bữa sáng', 'Bãi đậu xe', 'Wifi cao cấp miễn phí', '+2']",TPHCM
Yen House,"₫324,074",7.9,"['Bữa sáng', 'Nước uống chào đón', 'Wifi miễn phí']",TPHCM
Khách Sạn Lộc Phát,"₫299,250",8.8,"['Bãi đậu xe', 'Wifi miễn phí']",TPHCM
"Millennium Spacious Aparts, Pool & Gym and CENTRAL Location","₫648,148",7.9,['Wifi miễn phí'],TPHCM
MoMo Residence,"₫583,333",9,"['Bãi đậu xe', 'Wifi miễn phí']",TPHCM
Văn Giao Hotel,"₫287,439",6.9,"['Bãi đậu xe', 'Limited housekeeping', '+3']",TPHCM
Le Parc Saigon Hotel,"₫4,184,961",8.6,"['Bữa sáng', 'Nước uống chào đón', 'Bãi đậu xe', 'Wifi miễn phí']",TPHCM
Montcalm Grand Hotel,"₫678,758",9.6,"['Bữa sáng', 'Nước uống chào đón', 'Bãi đậu xe', '+2']",TPHCM
Yours Studio Tower,"₫ 1,021,889",8.3,['Wifi miễn phí'],TPHCM
Skycure Serviced Apartments,"₫825,137",9.9,"['Bữa sáng', 'Wifi miễn phí']",TPHCM
Skymian Boutique Apartment,"₫315,000",9.1,"['Bãi đậu xe', 'Nhận phòng nhanh', 'Wifi miễn phí']",TPHCM
Khach San Hoang Ha,"₫1,410,625",7.6,"['Bãi đậu xe', 'Nhận phòng nhanh', 'Wifi miễn phí']",TPHCM
SUNFLOWER CBQ HOTEL,"₫434,475",8.2,"['Nhận phòng nhanh', 'Wifi miễn phí']",TPHCM
Bonita THT Hotel,"₫363,757",7.6,"['Bữa sáng', 'Bãi đậu xe', 'Nhận phòng nhanh', '+1']",TPHCM
Ngoc Linh Hotel,"₫149,912",7.9,['Wifi miễn phí'],TPHCM
Sao Mai 896 Hotel,"₫881,834",7.7,"['Bữa sáng', 'Bãi đậu xe', 'Nhận phòng nhanh', '+1']",TPHCM
Bali Hotel,"₫460,758",7.9,"['Bữa sáng', 'Wifi miễn phí', 'Nước uống chào đón', 'Bãi đậu xe']",TPHCM
Song Anh 2 Hotel,"₫742,778",7.8,"['Bãi đậu xe', 'Wifi cao cấp miễn phí', '+2']",TPHCM
Simmi Apartment Phu My Hung,"₫903,510",8.2,"['Bãi đậu xe', 'Wifi miễn phí']",TPHCM
Cozrum Homes - Sonata Residence,"₫453,197",7.6,"['Bữa sáng', 'Phòng tập miễn phí', '+4']",TPHCM
Victory Hotel Saigon,"₫764,878",7.7,"['Bữa sáng', 'Bãi đậu xe', 'Nhận phòng nhanh', '+1']",TPHCM
Happy Life Grand Hotel & Sky Bar,"₫1,090,245",8.4,"['Bữa sáng', 'Phòng tập miễn phí', '+4']",TPHCM
Cityhouse - Ariosa,"₫ 1,068,847",8.9,"['Bữa sáng', 'Nước uống chào đón', 'Trả phòng muộn', '+3']",TPHCM
Cochin Zen Hotel,"₫915,091",8.6,"['Bữa sáng', 'Nhận phòng nhanh', 'Wifi miễn phí']",TPHCM
Akoya Saigon Central Hotel,"₫943,423",8.9,"['Bữa sáng', 'Phòng tập miễn phí', '+4']",TPHCM
Khach san Muong Thanh Luxury Saigon Hotel,"₫1,690,148",8.6,"['Bữa sáng', 'Phòng tập miễn phí', '+5']",TPHCM
Nesta Hotel Saigon,"₫ 1,412,382",8.3,"['Bữa sáng', 'Nước uống chào đón', 'Nhận phòng nhanh', '+1']",TPHCM
Ramana Saigon Hotel,"₫1,023,154",8,"['Bữa sáng', 'Wifi miễn phí']",TPHCM
Golden Star Hotel - 60 Le Thanh Ton,"₫604,529",7.1,"['Nước uống chào đón', 'Bãi đậu xe', 'Nhận phòng nhanh', '+1']",TPHCM
Bong Sen Hotel Saigon,"₫860,488",7.8,"['Bữa sáng', 'Wifi miễn phí']",TPHCM
Valentine Luxury hotel - 31 Bui Vien Street,"₫176,365",7.8,"['Bữa sáng', 'Vegetarian Bữa sáng', '+3']",TPHCM
Yoko Airport Saigon Hotel,"₫435,358",7.9,"['Bữa sáng', 'Wifi miễn phí']",TPHCM
Liberty Hotel Saigon Parkview,"₫1,295,503",7.8,"['Bữa sáng', 'Nước uống chào đón', 'Bãi đậu xe', '+3']",TPHCM
ROSA ZEN Hotel Spa,"₫483,667",8.3,"['Bãi đậu xe', 'Nhận phòng nhanh', 'Wifi miễn phí', '+1']",TPHCM
Riverside Hotel Saigon,"₫760,685",7.7,"['Bữa sáng', 'Nhận phòng nhanh', 'Wifi miễn phí']",TPHCM
22Land Hotel Saigon,"₫1,487,419",9.2,"['Bữa sáng', 'Bãi đậu xe', 'Wifi miễn phí']",TPHCM
Saigon Hotel,"₫1,410,625",8.4,"['Bữa sáng', 'Wifi miễn phí', 'Phòng tập miễn phí']",TPHCM
M Village Lý Tự Trọng,"₫1,031,372",9,"['Nhận phòng nhanh', 'Wifi miễn phí']",TPHCM
Sky Gem Central Hotel,"₫1,141,000",8.3,"['Bữa sáng', 'Nhận phòng nhanh', 'Wifi miễn phí']",TPHCM
"Vinpearl Landmark 81, Autograph Collection","₫4,600,000",9,"['Bữa sáng', 'Afternoon tea', 'Bãi đậu xe', '+7']",TPHCM
BOBHOTEL - BÙI VIỆN,"₫233,081",5.7,"['Nước uống chào đón', 'Wifi miễn phí']",TPHCM
ZAZZ URBAN HO CHI MINH HOTEL,"₫ 1,354,289",8.6,"['Bữa sáng', 'Phòng tập miễn phí', '+4']",TPHCM
Liberty Central Saigon Riverside Hotel,"₫1,843,743",8.6,"['Bữa sáng', 'Phòng tập miễn phí', '+5']",TPHCM
Eden Star Saigon Hotel,"₫1,536,882",8.4,"['Bữa sáng', 'Free mini bar', 'Vào hồ bơi miễn phí', '+4']",TPHCM
The Myst Dong Khoi,"₫2,626,741",8.9,"['Bữa sáng', 'Wifi miễn phí']",TPHCM
Dong Kinh Hotel,"₫314,253",8.2,"['Nước uống chào đón', 'Nhận phòng nhanh', 'Wifi miễn phí']",TPHCM
The Concept Hotel HCMC- District 1,"₫956,667",8.7,"['Bãi đậu xe', 'Nhận phòng nhanh', 'Wifi miễn phí', '+1']",TPHCM
Erato Boutique Hotel,"₫395,547",7.5,"['Bữa sáng', 'Phòng tập miễn phí', '+4']",TPHCM
Grandma Lu Saigon Hawaii - Pham Ngu Lao Street,"₫102,867",8.1,"['Bữa sáng', 'Phòng tập miễn phí', '+3']",TPHCM
Silverland Sil Hotel,"₫1,057,099",8.2,"['Nhận phòng nhanh', 'Wifi miễn phí']",TPHCM
Fusion Suites Saigon,"₫1,990,727",8.9,"['Nhận phòng nhanh', 'Wifi miễn phí']",TPHCM
CityHouse - City Oasis,"₫891,915",8.2,"['Bãi đậu xe', 'Wifi miễn phí']",TPHCM
VyDa Backpacker Hostel,"₫ 104,861",8.7,"['Bãi đậu xe', 'Wifi miễn phí', 'Nhận phòng sớm']",TPHCM
Cozrum Lux Hotel,"₫580,346",7.8,"['Phòng tập miễn phí', 'Nước uống chào đón', '+1']",TPHCM
The One Premium Hotel,"₫440,519",6.9,"['Nhận phòng nhanh', 'Wifi miễn phí']",TPHCM
Minh Tam Hotel & Spa 3/2,"₫761,905",8,"['Bữa sáng', 'Nước uống chào đón', 'Bãi đậu xe', 'Wifi miễn phí']",TPHCM
Lancaster Saigon Serviced Apartments Le Thanh Ton,"₫1,165,545",8.1,"['Bữa sáng', 'Phòng tập miễn phí', '+3']",TPHCM
Leaf Signature Hotel - La Group,"₫ 808,857",8.5,"['Bữa sáng', 'Bãi đậu xe', 'Nhận phòng nhanh', '+1']",TPHCM
Minh Tam Hotel and Spa,"₫430,222",7.6,"['Bãi đậu xe', 'Nhận phòng nhanh', 'Wifi miễn phí']",TPHCM
The Lumiere,"₫341,358",7.9,"['Bữa sáng', 'Nước uống chào đón', 'Free mini bar', '+9']",TPHCM
The Hammock Hotel Fine Arts Museum,"₫1,069,036",9.1,"['Bữa sáng', 'Bãi đậu xe', 'Nhận phòng nhanh', '+1']",TPHCM
HOTEL le JARDIN SECRET saigon,"₫ 1,409,672",8.6,"['Bữa sáng', 'Phòng tập miễn phí', '+3']",TPHCM
THANH TAI HOTEL 1,"₫311,236",8.6,['Wifi miễn phí'],TPHCM
Adora Art Hotel,"₫1,288,342",8.5,"['Bữa sáng', 'Wifi miễn phí']",TPHCM
Mecozy Apartel,"₫783,248",8.5,['Wifi miễn phí'],TPHCM
DAI NAM BOUTIQUE HOTEL,"₫1,211,900",8.3,"['Nước uống chào đón', 'Bãi đậu xe', 'Nhận phòng nhanh', '+1']",TPHCM
Cozrum Homes Ly Chinh Thang,"₫420,683",7.9,"['Bãi đậu xe', 'Nhận phòng nhanh', 'Wifi miễn phí']",TPHCM
Saigon Charm Hotel,"₫288,889",6.1,"['Bãi đậu xe', 'Nhận phòng nhanh', 'Wifi miễn phí']",TPHCM
Ngoi Sao Phuong Nam Hotel,"₫257,380",8.6,['Wifi miễn phí'],TPHCM
Planet Saigon Hotel,"₫416,109",8.7,"['Bữa sáng', 'Phòng tập miễn phí', '+3']",TPHCM
Sunflowers Hotel Airport,"₫386,255",7.4,"['Bãi đậu xe', 'Wifi miễn phí']",TPHCM
Lotte Hotel Saigon,"₫2,687,510",8.9,"['Bữa sáng', 'Phòng tập miễn phí', '+7']",TPHCM
HANZ Boutique Hotel,"₫189,037",7.3,"['Wifi miễn phí', 'Nước uống chào đón']",TPHCM
Au Lac Legend Hotel,"₫1,321,466",8.8,"['Bữa sáng', 'Phòng tập miễn phí', '+9']",TPHCM
SAZI HOTEL - BUI THI XUAN,"₫ 984,856",7.8,"['Bữa sáng', 'Wifi miễn phí', 'Bao gồm bữa tối']",TPHCM
Hilton Saigon,"₫4,100,000",9.1,['Wifi miễn phí'],TPHCM
123 Apartment in Vinhomes Central Park - Landmark 81,"₫1,055,556",8.3,"['Nhận phòng nhanh', 'Wifi miễn phí']",TPHCM
M Village Hoàng Văn Thụ,"₫690,800",9.3,"['Phòng tập miễn phí', 'Nước uống chào đón', '+3']",TPHCM
Hue My Hotel Saigon,"₫ 932,807",8.1,"['Bữa sáng', 'Phòng tập miễn phí', '+2']",TPHCM
NTA Serviced Apartments,"₫1,357,335",9,"['Bữa sáng', 'Bãi đậu xe', 'Wifi miễn phí', '+1']",TPHCM
M Hotel Saigon,"₫2,768,627",8.7,"['Bãi đậu xe', 'Nhận phòng nhanh', 'Wifi miễn phí']",TPHCM
Orchids Saigon Hotel,"₫1,687,399",8.9,"['Wifi cao cấp miễn phí', 'Nhận phòng nhanh', 'Wifi miễn phí']",TPHCM
Van Ha Hotel,"₫329,012",7.7,"['Bữa sáng', 'Nước uống chào đón', 'Bãi đậu xe', '+2']",TPHCM
Tan Hoang Long Hotel,"₫631,499",8.5,"['Nước uống chào đón', 'Bãi đậu xe', 'Khử trùng phòng', '+4']",TPHCM
A&Em Art Hotel,"₫1,352,696",7.8,"['Bữa sáng', 'Wifi miễn phí']",TPHCM
La Palma - Garden Saigon Hotel Phu My Hung,"₫648,148",9,"['Nhận phòng nhanh', 'Wifi miễn phí']",TPHCM
A&EM Corp - The Petit Hotel,"₫598,802",7.6,"['Bữa sáng', 'Phòng tập miễn phí', '+5']",TPHCM
Nu Hotel,"₫328,131",7.8,"['Bữa sáng', 'Bãi đậu xe', 'Wifi miễn phí']",TPHCM
The Bloom Pham Viet Chanh,"₫899,999",8.8,"['Bữa sáng', 'Bãi đậu xe', 'Nhận phòng nhanh', '+1']",TPHCM
SKY STAR HOTEL,"₫ 248,664",8.5,"['Bữa sáng', 'Phòng tập miễn phí', '+3']",TPHCM
Cozrum Homes Yoga Corner,"₫389,655",8,['Wifi miễn phí'],TPHCM
Au Lac Charner Hotel,"₫2,246,954",8.8,"['Bữa sáng', 'Phòng tập miễn phí', '+6']",TPHCM
GIC Apartment and Hotel,"₫356,007",7,"['Bãi đậu xe', 'Wifi miễn phí']",TPHCM
The Sophia Apartment - Thao Dien Central,"₫ 725,121",9.6,"['Bãi đậu xe', 'Wifi miễn phí']",TPHCM
Cozrum Homes - Cozytel Residence,"₫321,763",8.3,"['Nhận phòng nhanh', 'Wifi miễn phí']",TPHCM
M Village Đinh Công Tráng,"₫648,000",9.3,"['Bữa sáng', 'Nước uống chào đón', 'Bãi đậu xe', '+3']",TPHCM
T78 Hotel,"₫718,760",8,"['Bike rental', 'Wifi miễn phí']",TPHCM
Bat Dat Hotel,"₫ 1,100,959",7.1,"['Quà miễn phí', 'Nhận phòng trễ', 'Wifi cao cấp miễn phí', '+3']",TPHCM
Ahu Hotel & Apartment,"₫287,675",8.4,"['Bữa sáng', 'Phòng tập miễn phí', '+4']",TPHCM
Grandma Lu Saigon Hotel Centre,"₫330,059",8.7,"['Bữa sáng', 'Phòng tập miễn phí', '+3']",TPHCM
SILA Urban Living,"₫1,671,497",8.8,"['Bữa sáng', 'Phòng tập miễn phí', '+4']",TPHCM
Somerset Ho Chi Minh City Serviced Residence,"₫3,040,000",8.6,"['Bữa sáng', 'Nước uống chào đón', 'Free mini bar', '+3']",TPHCM
A & Em Saigon Hotel,"₫1,617,861",8,"['Wifi miễn phí', 'Bãi đậu xe']",TPHCM
COCHIN SANG HOTEL,"₫1,218,950",8.8,"['Bữa sáng', 'Nước uống chào đón', 'Nhận phòng nhanh', '+2']",TPHCM
Start House DORM Walk 5 Minutes to the Airport,"₫135,000",8.7,"['Nước uống chào đón', 'Bãi đậu xe', 'Wifi miễn phí']",TPHCM
Yaya Hotel,"₫171,600",7.3,['Wifi miễn phí'],TPHCM
Maison De Camille Boutique Hotel,"₫1,045,921",8.7,"['Bãi đậu xe', 'Wifi miễn phí']",TPHCM
Cozrum Homes Yoga Corner,"₫389,655",8,['Wifi miễn phí'],TPHCM
Au Lac Charner Hotel,"₫2,246,954",8.8,"['Bữa sáng', 'Phòng tập miễn phí', '+6']",TPHCM
GIC Apartment and Hotel,"₫356,007",7,"['Bãi đậu xe', 'Wifi miễn phí']",TPHCM
The Sophia Apartment - Thao Dien Central,"₫ 725,121",9.6,"['Bãi đậu xe', 'Wifi miễn phí']",TPHCM
Cozrum Homes - Cozytel Residence,"₫321,763",8.3,"['Nhận phòng nhanh', 'Wifi miễn phí']",TPHCM
M Village Đinh Công Tráng,"₫648,000",9.3,"['Bữa sáng', 'Nước uống chào đón', 'Bãi đậu xe', '+3']",TPHCM
T78 Hotel,"₫718,760",8,"['Bike rental', 'Wifi miễn phí']",TPHCM
Bat Dat Hotel,"₫ 1,100,959",7.1,"['Quà miễn phí', 'Nhận phòng trễ', 'Wifi cao cấp miễn phí', '+3']",TPHCM
Ahu Hotel & Apartment,"₫287,675",8.4,"['Bữa sáng', 'Phòng tập miễn phí', '+4']",TPHCM
Grandma Lu Saigon Hotel Centre,"₫330,059",8.7,"['Bữa sáng', 'Phòng tập miễn phí', '+3']",TPHCM
SILA Urban Living,"₫1,671,497",8.8,"['Bữa sáng', 'Phòng tập miễn phí', '+4']",TPHCM
Somerset Ho Chi Minh City Serviced Residence,"₫3,040,000",8.6,"['Bữa sáng', 'Nước uống chào đón', 'Free mini bar', '+3']",TPHCM
A & Em Saigon Hotel,"₫1,617,861",8,"['Wifi miễn phí', 'Bãi đậu xe']",TPHCM
COCHIN SANG HOTEL,"₫1,218,950",8.8,"['Bữa sáng', 'Nước uống chào đón', 'Nhận phòng nhanh', '+2']",TPHCM
Start House DORM Walk 5 Minutes to the Airport,"₫135,000",8.7,"['Nước uống chào đón', 'Bãi đậu xe', 'Wifi miễn phí']",TPHCM
Yaya Hotel,"₫171,600",7.3,"['Bãi đậu xe', 'Nhận phòng nhanh', 'Wifi miễn phí']",TPHCM
Maison De Camille Boutique Hotel,"₫1,045,921",8.7,['Wifi miễn phí'],TPHCM
Lá Phú Nhuận Hotel Airport,"₫ 615,509",7.8,"['Nước uống chào đón', 'Bãi đậu xe', 'Wifi miễn phí']",TPHCM
YÊN LIVING BÌNH THẠNH,"₫595,449",9.1,['Bữa sáng'],TPHCM
Bonita Signature The View,"₫583,333",8.4,"['Bữa sáng', 'Bãi đậu xe', 'Nhận phòng nhanh', '+1']",TPHCM
Secret Garden Hotel,"₫393,574",8.9,['Wifi miễn phí'],TPHCM
Lucky Hotel Lien Phuong,"₫231,481",7.4,"['Bãi đậu xe', 'Wifi miễn phí']",TPHCM
Cozrum Homes - Autumn House,"₫443,627",8.5,['Wifi miễn phí'],TPHCM
Adora Hotel,"₫970,713",8.2,"['Bữa sáng', 'Nhận phòng nhanh', 'Wifi miễn phí']",TPHCM
PARKROYAL Saigon,"₫2,175,436",8.3,"['Bữa sáng', 'Phòng tập miễn phí', '+3']",TPHCM
Saigon E Central Hotel,"₫279,167",8.3,"['Bãi đậu xe', 'Nhận phòng nhanh', 'Wifi miễn phí']",TPHCM
Kim Long Hotel,"₫496,935",6,"['Bữa sáng', 'Meeting Room', 'Bãi đậu xe', '+6']",TPHCM
Paradise Cu Chi Hotel,"₫399,999",8.2,"['Bữa sáng', 'Bãi đậu xe', 'Car rental', '+2']",TPHCM
Cozrum Homes - Graceful Corner,"₫399,999",7.8,['Bữa sáng'],TPHCM
The Alley Saigon Hotel,"₫ 610,588",8,"['Bữa sáng', 'Wifi miễn phí']",TPHCM
Cozrum Homes - Kola Apartment,"₫275,926",7.8,"['Bãi đậu xe', 'Wifi miễn phí']",TPHCM
Toi's Travel Home Central,"₫882,124",8.7,"['Bãi đậu xe', 'Wifi miễn phí', 'Nhận phòng nhanh']",TPHCM
Nicecy Hotel - Bui Thi Xuan Street,"₫343,796",8.2,"['Bữa sáng', 'Phòng tập miễn phí', 'Wifi miễn phí']",TPHCM
Nguyen Thanh Hotel,"₫291,005",6.9,"['Bãi đậu xe', 'Wifi miễn phí']",TPHCM
Nhu Y Hotel,"₫1,578,568",8.1,"['Bãi đậu xe', 'Wifi miễn phí', 'Nhận phòng nhanh']",TPHCM
CHERRY BOUTIQUE HOTEL,"₫171,724",8.7,['Bãi đậu xe'],TPHCM
Little Brick Saigon Hotel,"₫335,133",8.2,['Bãi đậu xe'],TPHCM
Sen Hotel Saigon,"₫324,074",7,['Pool'],TPHCM
CoCo Guesthouse,"₫324,074",7.4,"['Bãi đậu xe', 'Wifi miễn phí']",TPHCM
CoCo Guesthouse,"₫487,500",7.4,"['Bãi đậu xe', 'Nhận phòng nhanh', 'Wifi miễn phí']",TPHCM
CAN HO VINHOMES GRAND PARK QUAN 9,"₫582,468",9.3,"['Bãi đậu xe', 'Wifi miễn phí']",TPHCM
Song Anh 1 Hotel,"₫582,310",8.9,"['Bãi đậu xe', 'Nhận phòng nhanh', 'Wifi miễn phí']",TPHCM
Renaissance Riverside Hotel Saigon,"₫4,000,000",8.5,"['Bữa sáng', 'Wifi miễn phí', 'Nước uống chào đón', '+1']",TPHCM
Lam Sơn Hotel,"₫355,064",7.7,"['Bãi đậu xe', 'Wifi miễn phí']",TPHCM
UpTown Hotel,"₫992,137",8.2,"['Bữa sáng', 'Nhận phòng nhanh', 'Wifi miễn phí']",TPHCM
An Phu Plaza Serviced Apartment,"₫ 1,634,004",8.4,"['Bãi đậu xe', 'Wifi miễn phí']",TPHCM
EROS HOTEL,"₫325,000",8.2,"['Phòng tập miễn phí', 'Nước uống chào đón', '+1']",TPHCM
Infinity Edge Pool - Saigon Rivergate,"₫759,177",9.2,"['Bữa sáng', 'Local Bữa sáng', 'Wifi miễn phí']",TPHCM
Na Nue Hotel,"₫395,259",7.9,"['Bữa sáng', 'Nhận phòng nhanh', 'Wifi miễn phí']",TPHCM
GOLDA HOTEL,"₫589,425",8.1,"['Bãi đậu xe', 'Wifi miễn phí']",TPHCM
H.A.O Boutique Hotel,"₫ 583,524",8.7,"['Bữa sáng', 'Phòng tập miễn phí', '+3']",TPHCM
Sai Gon Amigo Hotel,"₫351,658",8.4,"['Nhận phòng nhanh', 'Wifi miễn phí']",TPHCM
Somerset Chancellor Court Serviced Residence,"₫2,560,000",8.4,"['Bãi đậu xe', 'Wifi miễn phí']",TPHCM
THE JOYS HOSTEL,"₫125,611",8.6,"['Nước uống chào đón', 'Bãi đậu xe', 'Nhận phòng nhanh', '+1']",TPHCM
Ngan Ha Hotel,"₫305,556",7.5,['Wifi miễn phí'],TPHCM
La Cigale Hotel,"₫392,649",8.5,"['Bãi đậu xe', 'Wifi miễn phí']",TPHCM
Thanh Thu Hotel,"₫793,651",8.1,"['Nhận phòng nhanh', 'Wifi miễn phí']",TPHCM
Yen House,"₫324,074",7.9,"['Bữa sáng', 'Bãi đậu xe', 'Wifi cao cấp miễn phí', '+2']",TPHCM
Yen House,"₫324,074",7.9,"['Bữa sáng', 'Nước uống chào đón', 'Wifi miễn phí']",TPHCM
Khách Sạn Lộc Phát,"₫299,250",8.8,"['Bãi đậu xe', 'Wifi miễn phí']",TPHCM
"Millennium Spacious Aparts, Pool & Gym and CENTRAL Location","₫648,148",7.9,['Wifi miễn phí'],TPHCM
MoMo Residence,"₫583,333",9,"['Bãi đậu xe', 'Wifi miễn phí']",TPHCM
Văn Giao Hotel,"₫287,439",6.9,"['Bãi đậu xe', 'Limited housekeeping', '+3']",TPHCM
Le Parc Saigon Hotel,"₫4,184,961",8.6,"['Bữa sáng', 'Nước uống chào đón', 'Bãi đậu xe', 'Wifi miễn phí']",TPHCM
Montcalm Grand Hotel,"₫678,758",9.6,"['Bữa sáng', 'Nước uống chào đón', 'Bãi đậu xe', '+2']",TPHCM
Yours Studio Tower,"₫ 1,021,889",8.3,['Wifi miễn phí'],TPHCM
Skycure Serviced Apartments,"₫825,137",9.9,"['Bữa sáng', 'Wifi miễn phí']",TPHCM
Skymian Boutique Apartment,"₫315,000",9.1,"['Bãi đậu xe', 'Nhận phòng nhanh', 'Wifi miễn phí']",TPHCM
Khach San Hoang Ha,"₫1,410,625",7.6,"['Bãi đậu xe', 'Nhận phòng nhanh', 'Wifi miễn phí']",TPHCM
SUNFLOWER CBQ HOTEL,"₫434,475",8.2,"['Nhận phòng nhanh', 'Wifi miễn phí']",TPHCM
Bonita THT Hotel,"₫363,757",7.6,"['Bữa sáng', 'Bãi đậu xe', 'Nhận phòng nhanh', '+1']",TPHCM
Ngoc Linh Hotel,"₫149,912",7.9,['Wifi miễn phí'],TPHCM
Sao Mai 896 Hotel,"₫881,834",7.7,"['Bữa sáng', 'Bãi đậu xe', 'Nhận phòng nhanh', '+1']",TPHCM
Bali Hotel,"₫460,758",7.9,"['Bữa sáng', 'Wifi miễn phí', 'Nước uống chào đón', 'Bãi đậu xe']",TPHCM
Song Anh 2 Hotel,"₫742,778",7.8,"['Bãi đậu xe', 'Wifi cao cấp miễn phí', '+2']",TPHCM
Simmi Apartment Phu My Hung,"₫903,510",8.2,"['Bãi đậu xe', 'Wifi miễn phí']",TPHCM
Panorama Star Beach Nha Trang,"₫1,208,138",8.9,"['Wifi miễn phí', 'Phòng tập miễn phí']",Nha Trang
Swandor Cam Ranh Resort-Ultra All Inclusive,"₫4,524,810",8.6,"['Bữa sáng', 'Phòng tập miễn phí', '+13']",Nha Trang
Panorama Nha Trang by HLG,"₫475,693",8.1,"['Bữa sáng', 'Phòng tập miễn phí', '+2']",Nha Trang
Virgo Hotel,"₫494,978",9,"['Bữa sáng', 'Phòng tập miễn phí', '+3']",Nha Trang
Asteria Comodo Nha Trang Hotel,"₫762,306",8.8,"['Bữa sáng', 'Phòng tập miễn phí', '+5']",Nha Trang
Regalia Nha Trang Hotel,"₫353,571",8.8,"['Bữa sáng', 'Wifi miễn phí']",Nha Trang
Muong Thanh Luxury Khanh Hoa,"₫1,053,757",9.1,"['Bữa sáng', 'Phòng tập miễn phí', '+5']",Nha Trang
December Hotel,"₫ 1,372,832",9.2,"['Bữa sáng', 'Phòng tập miễn phí', '+2']",Nha Trang
Holi Panorama Nha Trang,"₫491,889",8.3,"['Bữa sáng', 'Nước uống chào đón', 'Wifi miễn phí']",Nha Trang
Panorama Nha Trang Ocean View,"₫555,556",7.8,"['Bữa sáng', 'Phòng tập miễn phí', '+5']",Nha Trang
Havana Nha Trang Hotel,"₫1,892,839",9,"['Bữa sáng', 'Phòng tập miễn phí', '+5']",Nha Trang
Diamond Bay Hotel,"₫957,710",8.7,"['Bữa sáng', 'Phòng tập miễn phí', '+5']",Nha Trang
Ana Mandara Cam Ranh,"₫3,003,615",8.8,"['Bữa sáng', 'Nước uống chào đón', 'Bãi đậu xe', '+3']",Nha Trang
Vinpearl Luxury Nha Trang,"₫4,418,455",9.3,['Wifi miễn phí'],Nha Trang
Anrizon Hotel Nha Trang,"₫245,157",8.7,"['Bữa sáng', 'Phòng tập miễn phí', '+4']",Nha Trang
Asia Paradise Hotel Nha Trang,"₫387,599",7.8,"['Bữa sáng', 'Phòng tập miễn phí', '+3']",Nha Trang
Crown Hotel Nha Trang,"₫314,154",8.5,"['Bữa sáng', 'Bãi đậu xe', 'Nhận phòng nhanh', '+1']",Nha Trang
Kymodo Panorama Apartment,"₫550,970",8.9,"['Bữa sáng', 'Phòng tập miễn phí', '+5']",Nha Trang
Grand Gosia Hotel,"₫ 792,314",9,"['Bữa sáng', 'Phòng tập miễn phí', '+4']",Nha Trang
Ventana Nha Trang Hotel,"₫458,727",9,"['Bữa sáng', 'Phòng tập miễn phí', '+3']",Nha Trang
Minh Tuyet Luxury Hotel,"₫361,905",9.2,['Wifi miễn phí'],Nha Trang
Handy Panorama Nha Trang Ocean View,"₫548,292",8.1,"['Bữa sáng', 'Phòng tập miễn phí', '+3']",Nha Trang
Panorama Luxury Sea View Apartment Nha Trang,"₫ 976,139",8.5,"['Bữa sáng', 'Phòng tập miễn phí', '+2']",Nha Trang
Annova Nha Trang Hotel,"₫943,522",8.8,"['Bữa sáng', 'Phòng tập miễn phí', '+3']",Nha Trang
Nha Trang Horizon Hotel,"₫849,201",8.8,"['Bữa sáng', 'Phòng tập miễn phí', '+10']",Nha Trang
Fusion Resort Cam Ranh - All Spa Inclusive,"₫6,004,397",8.8,"['Bữa sáng', 'Phòng tập miễn phí', '+3']",Nha Trang
Sochi Hotel,"₫ 516,598",8.5,"['Bữa sáng', 'Nước uống chào đón', 'Trả phòng muộn', '+5']",Nha Trang
StarCity Nha Trang Hotel,"₫906,436",8.6,"['Bữa sáng', 'Phòng tập miễn phí', '+2']",Nha Trang
Gosia Hotel,"₫461,139",8.7,"['Nhận phòng nhanh', 'Wifi miễn phí']",Nha Trang
Maple Hotel & Apartment,"₫575,281",8.5,['Wifi miễn phí'],Nha Trang
Highsea Panorama Nha Trang Apartments,"₫508,333",9,"['Phòng tập miễn phí', 'Nước uống chào đón', '+2']",Nha Trang
khách sạn phố ngọc,"₫146,825",8.7,"['Bữa sáng', 'Phòng tập miễn phí', '+7']",Nha Trang
GIS Hotel Nha Trang,"₫173,323",8.1,"['Phòng tập miễn phí', 'Vào hồ bơi miễn phí', '+3']",Nha Trang
Lenid Nha Trang Hotel,"₫355,556",7.9,"['Bữa sáng', 'Phòng tập miễn phí', '+4']",Nha Trang
Bonjour Nha Trang Hotel,"₫286,164",8.2,"['Bãi đậu xe', 'Nhận phòng nhanh', 'Wifi miễn phí']",Nha Trang
The Costa Nha Trang Residences,"₫1,557,603",8.6,"['Bãi đậu xe', 'Wifi miễn phí']",Nha Trang
Art Nest Hotel Nha Trang,"₫851,779",8.9,"['Bữa sáng', 'Phòng tập miễn phí', '+5']",Nha Trang
Agnes Nha Trang Hotel,"₫ 288,687",8.6,"['Bữa sáng', 'Nước uống chào đón', 'Bãi đậu xe', 'Wifi miễn phí']",Nha Trang
Pearl Nha Trang Beach Apartment,"₫595,238",8.6,"['Bữa sáng', 'Bãi đậu xe', 'Nhận phòng nhanh', '+1']",Nha Trang
Rex Hotel and Apartment,"₫246,122",7.9,"['Nước uống chào đón', 'Wifi miễn phí', 'Bãi đậu xe']",Nha Trang
Nami Nha Trang Hotel,"₫207,407",8.1,"['Nước uống chào đón', 'Wifi miễn phí', 'Bãi đậu xe']",Nha Trang
Nha Trang Pearl Hotel,"₫151,515",7.7,"['Bãi đậu xe', 'Nhận phòng nhanh', 'Wifi miễn phí']",Nha Trang
Crown Nguyen Hoang Hotel,"₫545,479",8.7,"['Nước uống chào đón', 'Bãi đậu xe', 'Wifi miễn phí']",Nha Trang
Full House Hotel,"₫ 311,975",7.6,"['Nhận phòng nhanh', 'Wifi miễn phí']",Nha Trang
Gold Coast Nha Trang Luxury Apartment - Ocean View,"₫699,999",9.2,"['Bãi đậu xe', 'Wifi miễn phí']",Nha Trang
Santorini Villa Cam Ranh,"₫839,533",8.5,"['Bữa sáng', 'Phòng tập miễn phí', '+3']",Nha Trang
Sun Kiss Hotel,"₫357,192",9,"['Bãi đậu xe', 'Nhận phòng nhanh', 'Wifi miễn phí']",Nha Trang
Mystery Villas & Spa Cam Ranh,"₫ 2,682,489",8.3,"['Bữa sáng', 'Phòng tập miễn phí', '+3']",Nha Trang
La Sera Suites Nha Trang,"₫449,488",8.6,"['Bãi đậu xe', 'Car rental', 'Giảm giá đồ ăn uống', '+3']",Nha Trang
Panorama Nha trang & Bữa sáng,"₫648,148",9,"['Bãi đậu xe', 'Nhận phòng nhanh', 'Wifi miễn phí']",Nha Trang
Siren Flower Hotel,"₫167,116",8.1,"['Bữa sáng', 'Bãi đậu xe', 'Nhận phòng nhanh', '+1']",Nha Trang
FAMILY HOTEL & THE 1990s Rooftop,"₫259,259",8.5,"['Bữa sáng', 'Phòng tập miễn phí', '+2']",Nha Trang
DB Hotel Nha Trang,"₫399,999",8.4,"['Bữa sáng', 'Bãi đậu xe', 'Wifi cao cấp miễn phí', '+2']",Nha Trang
GIBSON HOTEL NHA TRANG,"₫395,833",9.4,"['Bãi đậu xe', 'Nhận phòng nhanh', 'Wifi miễn phí']",Nha Trang
La Casa Hotel Nha Trang,"₫445,989",8.5,"['Bãi đậu xe', 'Wifi miễn phí']",Nha Trang
Rembrandt Hotel Nha Trang,"₫330,316",7.6,"['Bãi đậu xe', 'Wifi miễn phí']",Nha Trang
B475house,"₫231,481",9.1,"['Bãi đậu xe', 'Wifi miễn phí']",Nha Trang
OYO 898 Phuong Thao Hotel,"₫159,633",7.4,"['Bữa sáng', 'Phòng tập miễn phí', '+3']",Nha Trang
Benzen ruby 2,"₫ 8,603,716",7.7,"['Bữa sáng', 'Bãi đậu xe', 'Nhận phòng trễ', '+4']",Nha Trang
Vitamin Sea Nha Trang,"₫220,459",8.7,"['Bãi đậu xe', 'Wifi miễn phí']",Nha Trang
Sunrise Ocean View Apartment,"₫414,353",8.3,"['Bãi đậu xe', 'Wifi miễn phí']",Nha Trang
Nice Swan Hotel Nha Trang,"₫279,533",7.5,"['Bãi đậu xe', 'Nhận phòng nhanh', 'Wifi miễn phí']",Nha Trang
Iridescent Clouds Hotel,"₫ 455,587",6.7,"['Wifi miễn phí', 'Bãi đậu xe']",Nha Trang
Aladin Hotel,"₫212,587",8,['Wifi miễn phí'],Nha Trang
The Alley Hostel,"₫105,820",9.1,"['Bữa sáng', 'Vào hồ bơi miễn phí', 'Wifi miễn phí']",Nha Trang
Oasis Retreat - Muong Thanh Vien Trieu,"₫ 559,812",7.8,"['Bãi đậu xe', 'Wifi miễn phí', 'Trả phòng muộn', '+1']",Nha Trang
Blue Pearl Hotel,"₫314,398",8.7,"['Nhận phòng nhanh', 'Wifi miễn phí']",Nha Trang
BIDV Beach Hotel Nha Trang,"₫199,999",9.8,"['Bữa sáng', 'Nhận phòng nhanh', 'Wifi miễn phí']",Nha Trang
Thai Binh Cam Ranh Hotel,"₫404,762",8.2,"['Phòng tập miễn phí', 'Bãi đậu xe', '+3']",Nha Trang
Aqua Seaview Hotel,"₫366,667",8.9,"['Bãi đậu xe', 'Wifi miễn phí']",Nha Trang
Glory Hotel Nha Trang,"₫275,660",8.2,"['Bãi đậu xe', 'Wifi miễn phí']",Nha Trang
Arena Seaview Cam Ranh Beach Resort Nha Trang Best Location Near The Airport,"₫1,086,420",8.1,"['Bữa sáng', 'Bãi đậu xe', 'Nhận phòng sớm', '+2']",Nha Trang
KHÁCH SẠN SIKA,"₫194,004",7.8,['Wifi miễn phí'],Nha Trang
Lee Charming Hotel Nha Trang,"₫277,778",9.8,['Bữa sáng'],Nha Trang
Napoleon Nha Trang Hotel,"₫381,818",10,"['Bữa sáng', 'Bãi đậu xe', 'Free sauna access', '+2']",Nha Trang
Moschino HT,"₫257,333",8.5,"['Bãi đậu xe', 'Wifi miễn phí']",Nha Trang
Wild Beach Resort,"₫661,376",7.1,"['Bãi đậu xe', 'Wifi miễn phí']",Nha Trang
Luxury villa trong Whyndham garden Cam Ranh,"₫ 4,564,647",10,"['Bãi đậu xe', 'Nhận phòng nhanh', 'Wifi miễn phí']",Nha Trang
Sunset Beach Resort & Spa,"₫1,020,243",8.8,"['Bữa sáng', 'Phòng tập miễn phí', '+3']",Phú Quốc
Seashells Phu Quoc Hotel & Spa,"₫1,882,833",9,"['Bữa sáng', 'Phòng tập miễn phí', '+6']",Phú Quốc
Mercury Phu Quoc Resort and Villas,"₫1,515,631",8.4,"['Bữa sáng', 'Phòng tập miễn phí', '+7']",Phú Quốc
Valentina Resort & Spa Phu Quoc,"₫648,246",9,"['Bữa sáng', 'Nước uống chào đón', 'Bãi đậu xe', '+3']",Phú Quốc
Andochine Villas Resort & Spa – All Villas with Private Pool,"₫3,733,905",9,"['Bữa sáng', 'Nước uống chào đón', 'Bãi đậu xe', '+4']",Phú Quốc
Venice Hotel Phu Quoc - Free Hon Thom Island Waterpark Cable Car & Sunset Town Tour,"₫1,281,769",9.9,"['Bữa sáng', 'Phòng tập miễn phí', '+9']",Phú Quốc
Muong Thanh Luxury Phu Quoc Hotel,"₫1,106,654",8,"['Bữa sáng', 'Nước uống chào đón', 'Bãi đậu xe', '+3']",Phú Quốc
SOL By Melia Phu Quoc,"₫1,843,975",8.5,"['Bữa sáng', 'Bao gồm bữa tối', 'All Inclusive', '+10']",Phú Quốc
Dusit Princess Moonrise Beach Resort,"₫1,962,774",9.2,"['Bữa sáng', 'Nước uống chào đón', 'Bãi đậu xe', '+3']",Phú Quốc
Coco Palm Beach Resort & Spa,"₫ 1,873,674",8.5,"['Bữa sáng', 'Nước uống chào đón', '+4']",Phú Quốc
M Hotel Phu Quoc,"₫1,168,336",8.9,"['Bữa sáng', 'Phòng tập miễn phí', '+5']",Phú Quốc
Sonaga Beach Resort & Villas Phu Quoc,"₫902,515",8.2,"['Bãi đậu xe', 'Nhận phòng nhanh', 'Wifi miễn phí']",Phú Quốc
Venus Hotel & Sky Bar Phu Quoc,"₫271,605",7.4,"['Nước uống chào đón', 'Bãi đậu xe', 'Wifi miễn phí']",Phú Quốc
HANZ Lagoon Sunset Boutique Hotel,"₫419,186",8.8,"['Bữa sáng', 'Vào hồ bơi miễn phí', 'Bãi đậu xe', '+1']",Phú Quốc
Leaf Hotel Phu Quoc,"₫482,856",9.4,"['Nước uống chào đón', 'Vào hồ bơi miễn phí', '+3']",Phú Quốc
Dendi Resort Phu Quoc,"₫396,384",8.2,"['Bãi đậu xe', 'Nhận phòng nhanh', 'Wifi miễn phí']",Phú Quốc
THE PIER PHU QUOC RESORT,"₫479,373",8.2,"['Bữa sáng', 'Phòng tập miễn phí', '+4']",Phú Quốc
ROSIE BALCONY HOTEL  PHU QUOC,"₫1,226,925",8.9,"['Bãi đậu xe', 'Khử trùng phòng', '+2']",Phú Quốc
OYO 952 Linh Dan Bungalow,"₫187,144",6.8,"['Bãi đậu xe', 'Nhận phòng nhanh', 'Wifi miễn phí']",Phú Quốc
JM boutique-hotel,"₫1,075,467",9.4,"['Bữa sáng', 'Phòng tập miễn phí', '+3']",Phú Quốc
Phu My Hung Bungalow,"₫342,831",9.1,"['Bãi đậu xe', 'Wifi miễn phí']",Phú Quốc
La Nube Residence,"₫483,503",8.6,"['Bữa sáng', 'Nước uống chào đón', 'Bãi đậu xe', '+7']",Phú Quốc
Bamboo Cottages,"₫854,323",8.8,"['Bữa sáng', 'Bãi đậu xe', 'Nhận phòng nhanh', '+1']",Phú Quốc
hai phuong tuyen,"₫176,367",8.6,['Wifi miễn phí'],Phú Quốc
Hoàng Hôn Beach House Phú Quốc,"₫ 497,328",7.9,"['Wifi miễn phí', 'Bãi đậu xe', 'Nước uống chào đón']",Phú Quốc
HANZ VeniceRiver Power MIA Grand World,"₫510,963",8.1,"['Bãi đậu xe', 'Wifi miễn phí', 'Nhận phòng nhanh']",Phú Quốc
Moc Lam Homestay,"₫468,910",9,"['Wifi miễn phí', 'Nước uống chào đón']",Phú Quốc
EMOLIA Coffee Tea & Mini Hotel,"₫491,850",9.6,"['Bãi đậu xe', 'Wifi miễn phí']",Phú Quốc
